{
  "scripts/validate_schema.py": 1776590457.6679373,
  "scripts/generate_viz_data.py": 1773697678.7899947,
  "scripts/generate_paper_figures.py": 1776635770.7016742,
  "scripts/archive/fix_rodinia_run_args2.py": 1773697678.7889948,
  "scripts/archive/fix_rodinia_paths.py": 1773697678.7889948,
  "scripts/archive/fix_rodinia_run_args.py": 1773697678.7889948,
  "scripts/archive/fix_omp_specs.py": 1773697678.7889948,
  "scripts/analysis/generate_results_matrix.py": 1773697678.7889948,
  "scripts/analysis/build_error_taxonomy.py": 1775036440.9014812,
  "scripts/analysis/reverify_regex_bug.py": 1775767844.762701,
  "scripts/analysis/generate_paper_data.py": 1776726464.9938035,
  "scripts/analysis/test_cross_consistency_audit.py": 1775462788.106423,
  "scripts/analysis/cross_model_comparison.py": 1776720407.3373976,
  "scripts/analysis/test_build_error_taxonomy.py": 1775036445.2344825,
  "scripts/analysis/analyze_harness_batch.py": 1775841332.8117619,
  "scripts/analysis/test_augmentation_analysis.py": 1775341492.816041,
  "scripts/analysis/sloc_analysis.py": 1775207186.9731195,
  "scripts/analysis/cross_consistency_audit.py": 1775462593.0975182,
  "scripts/analysis/selfrepair_analysis.py": 1776635770.7006743,
  "scripts/analysis/statistical_analysis.py": 1775037278.3865778,
  "scripts/analysis/test_statistical_analysis.py": 1775037174.100771,
  "scripts/analysis/test_benchmark_characterization.py": 1775276225.9380202,
  "scripts/analysis/test_quantitative_findings.py": 1775362538.414808,
  "scripts/analysis/test_cross_model_comparison.py": 1776635770.7006743,
  "scripts/analysis/classify_translation_pairs.py": 1775841582.9096286,
  "scripts/analysis/analyze_cuda_batch.py": 1773697678.7889948,
  "scripts/analysis/augmentation_analysis.py": 1776726273.7030504,
  "scripts/analysis/generate_report.py": 1774402696.3382156,
  "scripts/analysis/analyze_omp_batch.py": 1773697678.7889948,
  "scripts/analysis/test_generate_paper_data.py": 1775466120.1121202,
  "scripts/analysis/benchmark_characterization.py": 1775276230.6289983,
  "scripts/analysis/validate_characterization.py": 1775270773.7764702,
  "scripts/analysis/quantitative_findings.py": 1776726464.9938035,
  "scripts/generators/generate_rodinia_specs.py": 1773697678.790995,
  "scripts/generators/generate_xsbench_specs.py": 1774282501.8646867,
  "scripts/generators/generate_pilot_specs.py": 1773697678.790995,
  "scripts/generators/standardize_specs.py": 1774281486.0917075,
  "scripts/generators/generate_phase3_specs.py": 1773697678.790995,
  "scripts/generators/generate_phase2_specs.py": 1773697678.790995,
  "scripts/evaluation/reverify_pass_results.py": 1776590457.6679373,
  "scripts/evaluation/test_generate_paper_figures.py": 1776635770.7006743,
  "scripts/evaluation/derive_l0_passers.py": 1776897682.708413,
  "scripts/evaluation/__init__.py": 1773708533.462615,
  "scripts/evaluation/analyze_eval.py": 1776725456.9175305,
  "scripts/evaluation/llm_evaluate.py": 1776915769.6135361,
  "scripts/evaluation/run_eval_batch.py": 1776916629.0646567,
  "scripts/spec_tools/__init__.py": 1776561783.7525356,
  "scripts/spec_tools/run_verify_sweep.py": 1776624545.502235,
  "scripts/spec_tools/_capture_baseline.py": 1776563787.121032,
  "scripts/survey/inspect_kernels.py": 1773697678.790995,
  "scripts/survey/survey_hecbench.py": 1773697678.790995,
  "scripts/survey/survey_rodinia.py": 1773697678.790995,
  "scripts/baselines/populate_baselines.py": 1773697678.7899947,
  "scripts/baselines/populate_baseline_results.py": 1773697678.7899947,
  "scripts/baselines/populate_phase3_baselines.py": 1773697678.7899947,
  "scripts/augmentation/combine_aug_results.py": 1773697678.7889948,
  "scripts/augmentation/augment_verify.py": 1776590457.6669374,
  "scripts/augmentation/run_augment_batch.py": 1773697678.7889948,
  "c_augmentation/test_transforms.py": 1774046466.26358,
  "c_augmentation/validate_augmentation.py": 1773185837.864002,
  "c_augmentation/__init__.py": 1773185837.864002,
  "c_augmentation/generate_single_aug.py": 1773185837.864002,
  "c_augmentation/augment_dataset.py": 1774046505.943499,
  "tests/test_verifier_numeric_comparison.py": 1776551930.8999307,
  "tests/test_spec_loader.py": 1775804296.5626905,
  "tests/test_verifier_file_hash.py": 1776551924.560957,
  "tests/test_eval_integration_smoke.py": 1776635770.7016742,
  "tests/test_verifier_caller_contract.py": 1776590431.4700139,
  "tests/test_pass_at_1_dual_metric.py": 1776542068.941787,
  "tests/test_derive_l0_passers.py": 1776663266.4526942,
  "tests/test_no_error_results_qwen_canonical.py": 1776887241.1399376,
  "tests/test_capture_baseline.py": 1776563685.931364,
  "tests/test_deanonymization_body.py": 1776915726.656649,
  "tests/test_run_eval_batch_task_list.py": 1776635770.7016742,
  "tests/test_spec_loader_integration.py": 1775803695.1200573,
  "tests/test_model_registry.py": 1776635770.7016742,
  "tests/__init__.py": 1775803574.6935525,
  "tests/conftest.py": 1776474858.8951938,
  "tests/test_cli_verify_smoke.py": 1776579451.8126817,
  "tests/test_regex_combiner.py": 1775768702.2531843,
  "tests/test_bucket2_numeric_comparison.py": 1776666838.0257735,
  "tests/test_harness_integration.py": 1775842118.1625211,
  "tests/test_sampling_reproducibility.py": 1776642425.4887028,
  "tests/test_verify_run_working_dir_resolution.py": 1776583026.7057376,
  "tests/test_bucket2_regex_rejects_non_numeric.py": 1776583214.3964193,
  "tests/test_thinking_flag.py": 1776635770.7016742,
  "tests/test_eval_e2e_smoke.py": 1776635770.7016742,
  "tests/test_regex_combiner_integration.py": 1775769081.4749956,
  "tests/test_campaign_classification.py": 1775841558.3347342,
  "tests/test_oracle_divergence.py": 1776650132.2904031,
  "harness/runner.py": 1774688663.3819065,
  "harness/constants.py": 1775841280.054021,
  "harness/__main__.py": 1770895279.7127845,
  "harness/models.py": 1773794714.029792,
  "harness/__init__.py": 1770895279.7127845,
  "harness/builder.py": 1770895279.7127845,
  "harness/cli.py": 1776590457.6649373,
  "harness/spec_loader.py": 1774769491.028141,
  "harness/verifier.py": 1776590457.6649373,
  "harness/reporter.py": 1774231933.0791438,
  "rodinia/INDEX.md": 1776920079.4467785,
  "xsbench/INDEX.md": 1776920103.265727,
  "mixbench/INDEX.md": 1776920122.4736855,
  "rsbench/INDEX.md": 1776920142.8726413,
  "HeCBench-master/INDEX.md": 1776920181.872557,
  "HANDOFF-GRAPHIFY-CONTEXT-OPT.md": 1776833640.7347453,
  "HANDOFF-LE-GPT54-EVAL.md": 1776887445.3504133,
  "README.md": 1775428482.6081553,
  "CLAUDE.md": 1776883050.6439576,
  "requirements.txt": 1774688663.3159068,
  "requirements-lock.txt": 1774688663.3159068,
  "docs/neurips2026-experiment-plan.md": 1776725405.572728,
  "docs/related_work_research_notes.md": 1774769879.9940326,
  "docs/karpathy-skills-audit.md": 1776385001.5013444,
  "docs/neurips2026-gpt5-handoff.md": 1776725413.7746964,
  "docs/design/kernel_centric_translation.md": 1774232367.3838155,
  "docs/design/spec_oracle_design.md": 1776731834.3265355,
  "docs/design/json_schema_design.md": 1773697678.758995,
  "docs/reflections/2026-04-21-navigate-skill-creation.md": 1776794811.3845801,
  "docs/analysis/opencl_to_cuda_prompt_audit.md": 1776916050.2007983,
  "docs/superpowers/plans/2026-04-22-pipeline-fixes-and-data-quality.md": 1776915158.7201471,
  "docs/_archive/guide_rerun_gpt41mini_evals.md": 1775603982.5209942,
  "meeting_notes/transcripts/SC paper - 2026_04_02 10_24 PDT - transcript.md": 1775197727.2071798,
  "meeting_notes/transcripts/CUDA_OpenCL translation - 2026_04_15 08_58 PDT - Notes by Gemini.md": 1776365114.9612842,
  "meeting_notes/transcripts/SC paper - 2026_04_02 10_24 PDT - Notes by Gemini.md": 1775197727.3811793,
  "config/compiler_inventory.txt": 1771048811.5029438,
  "scripts/README.md": 1773697678.7889948,
  "analysis/reports/kernel_level_analysis.md": 1770895279.6707845,
  "analysis/reports/rodinia_survey.md": 1773697678.757995,
  "analysis/reports/kernel_selection_candidates.md": 1773697678.757995,